Time,Header.seq,Header.stamp.secs,Header.stamp.nsecs,Header.frame_id,Latitude,Longitude,Altitude,HDOP,UTM_easting,UTM_northing,UTC,Zone,Letter
1675460772.2857857,50,214613,0,GPS1_Frame,42.30821990966797,-71.10616302490234,36.2 M,1.100000023841858,326413.09375,4686146.5,214613.0,19,T
1675460773.2849379,51,214614,0,GPS1_Frame,42.30821990966797,-71.10616302490234,36.2 M,1.100000023841858,326413.09375,4686146.5,214614.0,19,T
1675460774.2839103,52,214615,0,GPS1_Frame,42.30821990966797,-71.10616302490234,36.2 M,1.100000023841858,326413.09375,4686146.5,214615.0,19,T
1675460775.2836833,53,214616,0,GPS1_Frame,42.30821990966797,-71.10616302490234,36.1 M,1.100000023841858,326412.9375,4686146.5,214616.0,19,T
1675460776.283765,54,214617,0,GPS1_Frame,42.30821990966797,-71.10616302490234,36.1 M,1.100000023841858,326412.9375,4686146.5,214617.0,19,T
1675460777.283872,55,214618,0,GPS1_Frame,42.30821990966797,-71.10616302490234,36.1 M,1.100000023841858,326412.9375,4686146.5,214618.0,19,T
1675460778.2839324,56,214619,0,GPS1_Frame,42.308223724365234,-71.10617065429688,33.0 M,1.100000023841858,326412.40625,4686147.0,214619.0,19,T
1675460779.3047464,57,214620,0,GPS1_Frame,42.308223724365234,-71.10617065429688,33.0 M,1.100000023841858,326412.40625,4686147.0,214620.0,19,T
1675460780.2842417,58,214621,0,GPS1_Frame,42.308223724365234,-71.10617065429688,32.9 M,1.100000023841858,326412.40625,4686147.0,214621.0,19,T
1675460781.2847724,59,214622,0,GPS1_Frame,42.308223724365234,-71.10617065429688,32.9 M,1.100000023841858,326412.40625,4686147.0,214622.0,19,T
1675460782.2841096,60,214623,0,GPS1_Frame,42.308223724365234,-71.10617065429688,32.8 M,1.100000023841858,326412.40625,4686147.0,214623.0,19,T
1675460783.283669,61,214624,0,GPS1_Frame,42.308223724365234,-71.10617065429688,32.8 M,1.100000023841858,326412.40625,4686147.0,214624.0,19,T
1675460784.284818,62,214625,0,GPS1_Frame,42.308223724365234,-71.10617065429688,32.7 M,1.100000023841858,326412.40625,4686147.0,214625.0,19,T
1675460785.3060458,63,214626,0,GPS1_Frame,42.308223724365234,-71.10617065429688,32.7 M,1.100000023841858,326412.40625,4686147.0,214626.0,19,T
1675460786.2899332,64,214627,0,GPS1_Frame,42.308223724365234,-71.10617065429688,32.6 M,1.100000023841858,326412.40625,4686147.0,214627.0,19,T
1675460787.2824345,65,214628,0,GPS1_Frame,42.30820846557617,-71.10616302490234,27.5 M,1.100000023841858,326413.0625,4686145.0,214628.0,19,T
1675460788.2823412,66,214629,0,GPS1_Frame,42.30820083618164,-71.10616302490234,24.8 M,1.100000023841858,326413.3125,4686144.5,214629.0,19,T
1675460789.2829788,67,214630,0,GPS1_Frame,42.30819320678711,-71.10616302490234,22.9 M,1.100000023841858,326413.28125,4686143.5,214630.0,19,T
1675460790.282733,68,214631,0,GPS1_Frame,42.30819320678711,-71.10616302490234,22.9 M,1.100000023841858,326413.28125,4686143.5,214631.0,19,T
1675460791.281352,69,214632,0,GPS1_Frame,42.30819320678711,-71.10616302490234,21.7 M,1.100000023841858,326413.28125,4686143.5,214632.0,19,T
1675460792.2822652,70,214633,0,GPS1_Frame,42.30819320678711,-71.10616302490234,21.7 M,1.100000023841858,326413.28125,4686143.5,214633.0,19,T
1675460793.2823052,71,214634,0,GPS1_Frame,42.30819320678711,-71.10616302490234,21.7 M,1.100000023841858,326413.28125,4686143.5,214634.0,19,T
1675460794.283508,72,214635,0,GPS1_Frame,42.30819320678711,-71.10616302490234,21.6 M,1.100000023841858,326413.28125,4686143.5,214635.0,19,T
1675460795.2830155,73,214636,0,GPS1_Frame,42.30819320678711,-71.10616302490234,21.6 M,1.100000023841858,326413.28125,4686143.5,214636.0,19,T
1675460796.283683,74,214637,0,GPS1_Frame,42.30819320678711,-71.10616302490234,21.6 M,1.100000023841858,326413.28125,4686143.5,214637.0,19,T
1675460797.2836428,75,214638,0,GPS1_Frame,42.30819320678711,-71.10616302490234,21.6 M,1.100000023841858,326413.28125,4686143.5,214638.0,19,T
1675460798.282571,76,214639,0,GPS1_Frame,42.30819320678711,-71.10616302490234,21.6 M,1.100000023841858,326413.28125,4686143.5,214639.0,19,T
1675460799.302395,77,214640,0,GPS1_Frame,42.30819320678711,-71.10616302490234,21.6 M,1.100000023841858,326413.28125,4686143.5,214640.0,19,T
1675460800.2831228,78,214641,0,GPS1_Frame,42.30819320678711,-71.10616302490234,21.6 M,1.100000023841858,326413.28125,4686143.5,214641.0,19,T
1675460801.2832909,79,214642,0,GPS1_Frame,42.30819320678711,-71.10616302490234,21.6 M,1.100000023841858,326413.28125,4686143.5,214642.0,19,T
1675460802.2844303,80,214643,0,GPS1_Frame,42.30819320678711,-71.10616302490234,21.6 M,1.100000023841858,326413.28125,4686143.5,214643.0,19,T
1675460803.2830422,81,214644,0,GPS1_Frame,42.30819320678711,-71.10616302490234,21.6 M,1.100000023841858,326413.28125,4686143.5,214644.0,19,T
1675460804.2823274,82,214645,0,GPS1_Frame,42.30818557739258,-71.10616302490234,21.0 M,1.100000023841858,326413.125,4686143.0,214645.0,19,T
1675460805.2828803,83,214646,0,GPS1_Frame,42.30818557739258,-71.10616302490234,21.0 M,1.100000023841858,326413.125,4686143.0,214646.0,19,T
1675460806.2817435,84,214647,0,GPS1_Frame,42.30818557739258,-71.10616302490234,21.0 M,1.100000023841858,326413.125,4686143.0,214647.0,19,T
1675460807.2821584,85,214648,0,GPS1_Frame,42.30818557739258,-71.10616302490234,21.0 M,1.100000023841858,326413.125,4686143.0,214648.0,19,T
1675460808.2831929,86,214649,0,GPS1_Frame,42.30818557739258,-71.10616302490234,21.0 M,1.100000023841858,326413.125,4686143.0,214649.0,19,T
1675460809.283146,87,214650,0,GPS1_Frame,42.30818557739258,-71.10616302490234,20.9 M,1.100000023841858,326413.125,4686143.0,214650.0,19,T
1675460810.2824802,88,214651,0,GPS1_Frame,42.30818557739258,-71.10616302490234,20.9 M,1.100000023841858,326413.125,4686143.0,214651.0,19,T
1675460811.2826002,89,214652,0,GPS1_Frame,42.30818557739258,-71.10616302490234,20.9 M,1.100000023841858,326413.125,4686143.0,214652.0,19,T
1675460812.2829769,90,214653,0,GPS1_Frame,42.30818557739258,-71.10616302490234,20.9 M,1.100000023841858,326413.125,4686143.0,214653.0,19,T
1675460813.2831457,91,214654,0,GPS1_Frame,42.30818557739258,-71.10616302490234,20.9 M,1.100000023841858,326413.125,4686143.0,214654.0,19,T
1675460814.282853,92,214655,0,GPS1_Frame,42.30818557739258,-71.10616302490234,20.9 M,1.100000023841858,326413.125,4686143.0,214655.0,19,T
1675460815.2828217,93,214656,0,GPS1_Frame,42.30818557739258,-71.10616302490234,20.9 M,1.100000023841858,326413.125,4686143.0,214656.0,19,T
1675460816.2824326,94,214657,0,GPS1_Frame,42.30818557739258,-71.10616302490234,20.9 M,1.100000023841858,326413.125,4686143.0,214657.0,19,T
1675460817.2829838,95,214658,0,GPS1_Frame,42.30818557739258,-71.10616302490234,20.9 M,1.100000023841858,326413.125,4686143.0,214658.0,19,T
1675460818.2827396,96,214659,0,GPS1_Frame,42.30818557739258,-71.10616302490234,20.9 M,1.100000023841858,326413.125,4686143.0,214659.0,19,T
1675460819.2816834,97,214700,0,GPS1_Frame,42.30818557739258,-71.10616302490234,20.9 M,1.100000023841858,326413.125,4686143.0,214700.0,19,T
1675460820.2822475,98,214701,0,GPS1_Frame,42.30818557739258,-71.10616302490234,20.9 M,1.100000023841858,326413.125,4686143.0,214701.0,19,T
1675460821.2831974,99,214702,0,GPS1_Frame,42.30818557739258,-71.10616302490234,20.9 M,1.100000023841858,326413.125,4686143.0,214702.0,19,T
1675460822.2821503,100,214703,0,GPS1_Frame,42.30818557739258,-71.10616302490234,20.8 M,1.100000023841858,326413.125,4686143.0,214703.0,19,T
1675460823.281854,101,214704,0,GPS1_Frame,42.30818557739258,-71.10616302490234,20.8 M,1.100000023841858,326413.125,4686143.0,214704.0,19,T
1675460824.2820587,102,214705,0,GPS1_Frame,42.30818557739258,-71.10616302490234,20.8 M,1.100000023841858,326413.125,4686143.0,214705.0,19,T
1675460825.282715,103,214706,0,GPS1_Frame,42.30818557739258,-71.10616302490234,20.8 M,1.100000023841858,326413.125,4686143.0,214706.0,19,T
1675460826.2822363,104,214707,0,GPS1_Frame,42.30818557739258,-71.10616302490234,20.8 M,1.100000023841858,326413.125,4686143.0,214707.0,19,T
1675460827.2825136,105,214708,0,GPS1_Frame,42.30818557739258,-71.10616302490234,20.7 M,1.100000023841858,326413.125,4686143.0,214708.0,19,T
1675460828.2820354,106,214709,0,GPS1_Frame,42.30818557739258,-71.10616302490234,20.7 M,1.100000023841858,326413.125,4686143.0,214709.0,19,T
1675460829.2820225,107,214710,0,GPS1_Frame,42.30818176269531,-71.10616302490234,19.6 M,1.100000023841858,326413.125,4686142.5,214710.0,19,T
1675460830.2832756,108,214711,0,GPS1_Frame,42.30818176269531,-71.10616302490234,19.5 M,1.100000023841858,326413.125,4686142.5,214711.0,19,T
1675460831.2823114,109,214712,0,GPS1_Frame,42.30818176269531,-71.10616302490234,19.5 M,1.100000023841858,326413.125,4686142.5,214712.0,19,T
1675460832.283536,110,214713,0,GPS1_Frame,42.30818176269531,-71.10616302490234,19.5 M,1.100000023841858,326413.125,4686142.5,214713.0,19,T
1675460833.2828398,111,214714,0,GPS1_Frame,42.30818176269531,-71.10616302490234,19.5 M,1.100000023841858,326413.125,4686142.5,214714.0,19,T
1675460834.2819188,112,214715,0,GPS1_Frame,42.30818176269531,-71.10616302490234,19.5 M,1.100000023841858,326413.125,4686142.5,214715.0,19,T
1675460835.2820117,113,214716,0,GPS1_Frame,42.30818176269531,-71.10616302490234,19.1 M,1.100000023841858,326413.0,4686142.0,214716.0,19,T
1675460836.282857,114,214717,0,GPS1_Frame,42.30818176269531,-71.10616302490234,19.1 M,1.100000023841858,326413.0,4686142.0,214717.0,19,T
1675460837.2828581,115,214718,0,GPS1_Frame,42.30818176269531,-71.10616302490234,19.1 M,1.100000023841858,326413.0,4686142.0,214718.0,19,T
1675460838.2827477,116,214719,0,GPS1_Frame,42.30818176269531,-71.10616302490234,19.1 M,1.100000023841858,326413.0,4686142.0,214719.0,19,T
1675460839.2829463,117,214720,0,GPS1_Frame,42.30818176269531,-71.10616302490234,19.1 M,1.100000023841858,326413.0,4686142.0,214720.0,19,T
1675460840.2826443,118,214721,0,GPS1_Frame,42.30818176269531,-71.10616302490234,19.1 M,1.100000023841858,326413.0,4686142.0,214721.0,19,T
1675460841.2828236,119,214722,0,GPS1_Frame,42.30818176269531,-71.10616302490234,19.1 M,1.100000023841858,326413.0,4686142.0,214722.0,19,T
1675460842.2825177,120,214723,0,GPS1_Frame,42.30818176269531,-71.10616302490234,19.1 M,1.100000023841858,326413.0,4686142.0,214723.0,19,T
1675460843.2822874,121,214724,0,GPS1_Frame,42.30818176269531,-71.10616302490234,19.1 M,1.100000023841858,326413.0,4686142.0,214724.0,19,T
1675460844.282678,122,214725,0,GPS1_Frame,42.30817794799805,-71.10616302490234,19.2 M,1.100000023841858,326412.84375,4686141.5,214725.0,19,T
1675460845.2836225,123,214726,0,GPS1_Frame,42.30817794799805,-71.10616302490234,19.2 M,1.100000023841858,326412.84375,4686141.5,214726.0,19,T
1675460846.2824943,124,214727,0,GPS1_Frame,42.30817794799805,-71.10616302490234,19.2 M,1.100000023841858,326412.84375,4686141.5,214727.0,19,T
1675460847.282017,125,214728,0,GPS1_Frame,42.30817794799805,-71.10616302490234,19.2 M,1.100000023841858,326412.84375,4686141.5,214728.0,19,T
1675460848.2843108,126,214729,0,GPS1_Frame,42.30817794799805,-71.10616302490234,19.2 M,1.100000023841858,326412.84375,4686141.5,214729.0,19,T
1675460849.2836065,127,214730,0,GPS1_Frame,42.30817794799805,-71.10616302490234,19.2 M,1.100000023841858,326412.84375,4686141.5,214730.0,19,T
1675460850.3025954,128,214731,0,GPS1_Frame,42.30817794799805,-71.10616302490234,19.2 M,1.100000023841858,326412.84375,4686141.5,214731.0,19,T
1675460851.2833865,129,214732,0,GPS1_Frame,42.30817794799805,-71.10616302490234,19.2 M,1.100000023841858,326412.84375,4686141.5,214732.0,19,T
1675460852.28393,130,214733,0,GPS1_Frame,42.30817794799805,-71.10616302490234,19.2 M,1.100000023841858,326412.84375,4686141.5,214733.0,19,T
1675460853.2841837,131,214734,0,GPS1_Frame,42.30817794799805,-71.10616302490234,19.2 M,1.100000023841858,326412.84375,4686141.5,214734.0,19,T
1675460854.2835617,132,214735,0,GPS1_Frame,42.30817794799805,-71.10616302490234,19.2 M,1.100000023841858,326412.6875,4686141.5,214735.0,19,T
1675460855.283502,133,214736,0,GPS1_Frame,42.30817794799805,-71.10616302490234,19.2 M,1.100000023841858,326412.6875,4686141.5,214736.0,19,T
1675460856.2851243,134,214737,0,GPS1_Frame,42.30817794799805,-71.10616302490234,19.2 M,1.100000023841858,326412.6875,4686141.5,214737.0,19,T
1675460857.2854714,135,214738,0,GPS1_Frame,42.30817794799805,-71.10616302490234,19.2 M,1.100000023841858,326412.6875,4686141.5,214738.0,19,T
1675460858.2833617,136,214739,0,GPS1_Frame,42.30817794799805,-71.10616302490234,19.2 M,1.100000023841858,326412.6875,4686141.5,214739.0,19,T
1675460859.2832959,137,214740,0,GPS1_Frame,42.30817794799805,-71.10616302490234,19.2 M,1.100000023841858,326412.6875,4686141.5,214740.0,19,T
1675460860.2839215,138,214741,0,GPS1_Frame,42.30817794799805,-71.10616302490234,19.2 M,1.100000023841858,326412.6875,4686141.5,214741.0,19,T
1675460861.2838426,139,214742,0,GPS1_Frame,42.30817413330078,-71.10616302490234,19.2 M,1.100000023841858,326412.6875,4686141.5,214742.0,19,T
1675460862.2851875,140,214743,0,GPS1_Frame,42.30817413330078,-71.10616302490234,19.2 M,1.100000023841858,326412.6875,4686141.5,214743.0,19,T
1675460863.2836282,141,214744,0,GPS1_Frame,42.30817413330078,-71.10616302490234,19.2 M,1.100000023841858,326412.6875,4686141.5,214744.0,19,T
1675460864.2835999,142,214745,0,GPS1_Frame,42.30817413330078,-71.10616302490234,19.2 M,1.100000023841858,326412.6875,4686141.5,214745.0,19,T
1675460865.283847,143,214746,0,GPS1_Frame,42.30817413330078,-71.10616302490234,19.2 M,1.100000023841858,326412.6875,4686141.5,214746.0,19,T
1675460866.283725,144,214747,0,GPS1_Frame,42.30817413330078,-71.10616302490234,19.2 M,1.100000023841858,326412.6875,4686141.5,214747.0,19,T
1675460867.2834857,145,214748,0,GPS1_Frame,42.30817413330078,-71.10616302490234,19.2 M,1.100000023841858,326412.6875,4686141.5,214748.0,19,T
1675460868.2843473,146,214749,0,GPS1_Frame,42.30817413330078,-71.10616302490234,19.2 M,1.100000023841858,326412.6875,4686141.5,214749.0,19,T
1675460869.2847905,147,214750,0,GPS1_Frame,42.30817413330078,-71.10616302490234,19.2 M,1.100000023841858,326412.6875,4686141.5,214750.0,19,T
1675460870.2825048,148,214751,0,GPS1_Frame,42.30817413330078,-71.10617065429688,18.9 M,1.100000023841858,326412.5625,4686141.5,214751.0,19,T
1675460871.2839272,149,214752,0,GPS1_Frame,42.30817413330078,-71.10617065429688,18.9 M,1.100000023841858,326412.5625,4686141.5,214752.0,19,T
1675460872.2836497,150,214753,0,GPS1_Frame,42.30817413330078,-71.10617065429688,18.9 M,1.100000023841858,326412.5625,4686141.5,214753.0,19,T
1675460873.283861,151,214754,0,GPS1_Frame,42.30817413330078,-71.10617065429688,18.9 M,1.100000023841858,326412.5625,4686141.5,214754.0,19,T
1675460874.2842488,152,214755,0,GPS1_Frame,42.30817413330078,-71.10617065429688,18.9 M,1.100000023841858,326412.5625,4686141.5,214755.0,19,T
1675460875.284107,153,214756,0,GPS1_Frame,42.30817413330078,-71.10617065429688,18.9 M,1.100000023841858,326412.5625,4686141.5,214756.0,19,T
1675460876.2836733,154,214757,0,GPS1_Frame,42.30817413330078,-71.10617065429688,18.9 M,1.100000023841858,326412.5625,4686141.5,214757.0,19,T
1675460877.2841363,155,214758,0,GPS1_Frame,42.30817413330078,-71.10617065429688,18.9 M,1.100000023841858,326412.5625,4686141.5,214758.0,19,T
1675460878.2835898,156,214759,0,GPS1_Frame,42.30817413330078,-71.10617065429688,18.4 M,1.100000023841858,326412.40625,4686141.5,214759.0,19,T
1675460879.2840333,157,214800,0,GPS1_Frame,42.30817413330078,-71.10617065429688,18.4 M,1.100000023841858,326412.40625,4686141.5,214800.0,19,T
1675460880.2832,158,214801,0,GPS1_Frame,42.30817413330078,-71.10617065429688,17.7 M,1.100000023841858,326412.28125,4686141.5,214801.0,19,T
1675460881.285167,159,214802,0,GPS1_Frame,42.30817413330078,-71.10617065429688,17.7 M,1.100000023841858,326412.28125,4686141.5,214802.0,19,T
1675460882.2831645,160,214803,0,GPS1_Frame,42.30817413330078,-71.10617065429688,17.0 M,1.100000023841858,326412.15625,4686141.5,214803.0,19,T
1675460883.2836666,161,214804,0,GPS1_Frame,42.30817413330078,-71.10617065429688,17.0 M,1.100000023841858,326412.15625,4686141.5,214804.0,19,T
1675460884.2833729,162,214805,0,GPS1_Frame,42.30817413330078,-71.10617065429688,17.0 M,1.100000023841858,326412.15625,4686141.5,214805.0,19,T
1675460885.2835763,163,214806,0,GPS1_Frame,42.30817413330078,-71.10617065429688,17.0 M,1.100000023841858,326412.15625,4686141.5,214806.0,19,T
1675460886.2961817,164,214807,0,GPS1_Frame,42.30817794799805,-71.10617065429688,16.5 M,1.100000023841858,326412.15625,4686142.0,214807.0,19,T
1675460887.2976458,165,214808,0,GPS1_Frame,42.30817794799805,-71.10617065429688,16.5 M,1.100000023841858,326412.15625,4686142.0,214808.0,19,T
1675460888.2956026,166,214809,0,GPS1_Frame,42.30817794799805,-71.1061782836914,16.1 M,1.100000023841858,326412.0,4686142.0,214809.0,19,T
1675460889.2956939,167,214810,0,GPS1_Frame,42.30817794799805,-71.1061782836914,16.1 M,1.2999999523162842,326412.0,4686142.0,214810.0,19,T
1675460890.2952526,168,214811,0,GPS1_Frame,42.30817794799805,-71.1061782836914,16.1 M,1.2999999523162842,326412.0,4686142.0,214811.0,19,T
1675460891.2948945,169,214812,0,GPS1_Frame,42.30817794799805,-71.1061782836914,16.1 M,1.2999999523162842,326412.0,4686142.0,214812.0,19,T
1675460892.2887645,170,214813,0,GPS1_Frame,42.30817794799805,-71.1061782836914,15.9 M,1.2999999523162842,326412.03125,4686142.0,214813.0,19,T
1675460893.295971,171,214814,0,GPS1_Frame,42.30817794799805,-71.1061782836914,15.9 M,1.2999999523162842,326412.03125,4686142.0,214814.0,19,T
1675460894.2956648,172,214815,0,GPS1_Frame,42.30817794799805,-71.1061782836914,15.9 M,1.2999999523162842,326412.03125,4686142.0,214815.0,19,T
1675460895.295222,173,214816,0,GPS1_Frame,42.30817794799805,-71.1061782836914,15.8 M,1.2999999523162842,326412.03125,4686142.0,214816.0,19,T
1675460896.2956548,174,214817,0,GPS1_Frame,42.30817794799805,-71.1061782836914,15.8 M,1.2999999523162842,326412.03125,4686142.0,214817.0,19,T
1675460897.287619,175,214818,0,GPS1_Frame,42.30817794799805,-71.1061782836914,15.6 M,1.2999999523162842,326412.03125,4686142.0,214818.0,19,T
1675460898.2953691,176,214819,0,GPS1_Frame,42.30817794799805,-71.1061782836914,15.6 M,1.2999999523162842,326412.03125,4686142.0,214819.0,19,T
1675460899.2957566,177,214820,0,GPS1_Frame,42.30817794799805,-71.1061782836914,15.6 M,1.2999999523162842,326412.03125,4686142.0,214820.0,19,T
1675460900.2942567,178,214821,0,GPS1_Frame,42.30818176269531,-71.1061782836914,15.4 M,1.2999999523162842,326412.03125,4686142.0,214821.0,19,T
1675460901.3139997,179,214822,0,GPS1_Frame,42.30818176269531,-71.1061782836914,15.4 M,1.2999999523162842,326412.03125,4686142.0,214822.0,19,T
1675460902.2948976,180,214823,0,GPS1_Frame,42.30818176269531,-71.1061782836914,15.4 M,1.2999999523162842,326412.03125,4686142.0,214823.0,19,T
1675460903.2934778,181,214824,0,GPS1_Frame,42.30818176269531,-71.1061782836914,15.2 M,1.2999999523162842,326412.03125,4686142.5,214824.0,19,T
1675460904.2961097,182,214825,0,GPS1_Frame,42.30818176269531,-71.1061782836914,15.2 M,1.2999999523162842,326411.875,4686142.5,214825.0,19,T
1675460905.2943876,183,214826,0,GPS1_Frame,42.30818176269531,-71.1061782836914,15.0 M,1.2999999523162842,326411.90625,4686142.5,214826.0,19,T
1675460906.294734,184,214827,0,GPS1_Frame,42.30818176269531,-71.1061782836914,15.0 M,1.2999999523162842,326411.90625,4686142.5,214827.0,19,T
1675460907.2886443,185,214828,0,GPS1_Frame,42.30818176269531,-71.1061782836914,15.0 M,1.2999999523162842,326411.90625,4686142.5,214828.0,19,T
1675460908.2894366,186,214829,0,GPS1_Frame,42.30818176269531,-71.1061782836914,15.0 M,1.2999999523162842,326411.90625,4686142.5,214829.0,19,T
1675460909.289205,187,214830,0,GPS1_Frame,42.30818176269531,-71.1061782836914,14.9 M,1.2999999523162842,326411.90625,4686142.5,214830.0,19,T
1675460910.2959208,188,214831,0,GPS1_Frame,42.30818176269531,-71.1061782836914,14.9 M,1.2999999523162842,326411.90625,4686142.5,214831.0,19,T
1675460911.2940085,189,214832,0,GPS1_Frame,42.30818176269531,-71.1061782836914,14.7 M,1.2999999523162842,326411.90625,4686142.5,214832.0,19,T
1675460912.295492,190,214833,0,GPS1_Frame,42.30818176269531,-71.1061782836914,14.7 M,1.2999999523162842,326411.90625,4686142.5,214833.0,19,T
1675460913.2954934,191,214834,0,GPS1_Frame,42.30818176269531,-71.1061782836914,14.7 M,1.2999999523162842,326411.90625,4686142.5,214834.0,19,T
1675460914.2941763,192,214835,0,GPS1_Frame,42.30818557739258,-71.1061782836914,14.6 M,1.2999999523162842,326411.90625,4686142.5,214835.0,19,T
1675460915.2876444,193,214836,0,GPS1_Frame,42.30818557739258,-71.1061782836914,14.6 M,1.2999999523162842,326411.90625,4686142.5,214836.0,19,T
1675460916.2956915,194,214836,0,GPS1_Frame,42.30818557739258,-71.1061782836914,14.6 M,1.2999999523162842,326411.90625,4686142.5,214836.0,19,T
1675460917.294747,195,214837,0,GPS1_Frame,42.30818557739258,-71.1061782836914,14.6 M,1.2999999523162842,326411.90625,4686142.5,214837.0,19,T
1675460918.2942326,196,214838,0,GPS1_Frame,42.30818557739258,-71.1061782836914,14.6 M,1.2999999523162842,326411.90625,4686142.5,214838.0,19,T
1675460919.2876618,197,214839,0,GPS1_Frame,42.30818557739258,-71.1061782836914,14.6 M,1.2999999523162842,326411.90625,4686142.5,214839.0,19,T
1675460920.294462,198,214840,0,GPS1_Frame,42.30818557739258,-71.1061782836914,14.6 M,1.2999999523162842,326411.90625,4686142.5,214840.0,19,T
1675460921.2940872,199,214841,0,GPS1_Frame,42.30818557739258,-71.1061782836914,14.6 M,1.2999999523162842,326411.90625,4686142.5,214841.0,19,T
1675460922.2941687,200,214842,0,GPS1_Frame,42.30818557739258,-71.1061782836914,14.6 M,1.2999999523162842,326411.90625,4686142.5,214842.0,19,T
1675460923.2941334,201,214843,0,GPS1_Frame,42.30818557739258,-71.1061782836914,14.6 M,1.2999999523162842,326411.90625,4686142.5,214843.0,19,T
1675460924.2947845,202,214844,0,GPS1_Frame,42.30818557739258,-71.1061782836914,14.6 M,1.2999999523162842,326411.90625,4686142.5,214844.0,19,T
1675460925.2944875,203,214845,0,GPS1_Frame,42.30818557739258,-71.1061782836914,14.7 M,1.2999999523162842,326411.90625,4686142.5,214845.0,19,T
1675460926.2952135,204,214846,0,GPS1_Frame,42.30818557739258,-71.1061782836914,14.7 M,1.2999999523162842,326411.90625,4686142.5,214846.0,19,T
1675460927.2941625,205,214847,0,GPS1_Frame,42.30818557739258,-71.1061782836914,14.7 M,1.2999999523162842,326411.90625,4686142.5,214847.0,19,T
1675460928.2949512,206,214848,0,GPS1_Frame,42.30818176269531,-71.1061782836914,14.7 M,1.2999999523162842,326411.90625,4686142.5,214848.0,19,T
1675460929.2931643,207,214849,0,GPS1_Frame,42.30818176269531,-71.1061782836914,14.7 M,1.5,326411.90625,4686142.5,214849.0,19,T
1675460930.29259,208,214850,0,GPS1_Frame,42.30818176269531,-71.1061782836914,14.7 M,1.5,326411.90625,4686142.5,214850.0,19,T
1675460931.287865,209,214851,0,GPS1_Frame,42.30818176269531,-71.1061782836914,14.7 M,1.2999999523162842,326411.90625,4686142.5,214851.0,19,T
1675460932.2883728,210,214852,0,GPS1_Frame,42.30818176269531,-71.1061782836914,14.7 M,1.2999999523162842,326411.90625,4686142.5,214852.0,19,T
1675460933.2880206,211,214853,0,GPS1_Frame,42.30818176269531,-71.1061782836914,14.7 M,1.2999999523162842,326411.90625,4686142.5,214853.0,19,T
1675460934.2950335,212,214854,0,GPS1_Frame,42.30818176269531,-71.1061782836914,14.7 M,1.2999999523162842,326411.90625,4686142.5,214854.0,19,T
1675460935.2945561,213,214855,0,GPS1_Frame,42.30818176269531,-71.1061782836914,14.7 M,1.2999999523162842,326411.90625,4686142.5,214855.0,19,T
1675460936.294004,214,214856,0,GPS1_Frame,42.30818176269531,-71.1061782836914,14.7 M,1.2999999523162842,326412.03125,4686142.5,214856.0,19,T
1675460937.2956827,215,214857,0,GPS1_Frame,42.30818176269531,-71.1061782836914,14.7 M,1.2999999523162842,326412.03125,4686142.5,214857.0,19,T
1675460938.294165,216,214858,0,GPS1_Frame,42.30818176269531,-71.1061782836914,14.7 M,1.2999999523162842,326412.03125,4686142.5,214858.0,19,T
1675460939.2947586,217,214859,0,GPS1_Frame,42.30818176269531,-71.1061782836914,14.7 M,1.2999999523162842,326412.03125,4686142.5,214859.0,19,T
1675460940.2951186,218,214900,0,GPS1_Frame,42.30818176269531,-71.1061782836914,14.7 M,1.2999999523162842,326412.03125,4686142.5,214900.0,19,T
1675460941.3177392,219,214901,0,GPS1_Frame,42.30818176269531,-71.1061782836914,14.7 M,1.100000023841858,326412.03125,4686142.5,214901.0,19,T
1675460942.297092,220,214902,0,GPS1_Frame,42.30818176269531,-71.1061782836914,14.7 M,1.100000023841858,326412.03125,4686142.5,214902.0,19,T
1675460943.2899384,221,214903,0,GPS1_Frame,42.30818176269531,-71.1061782836914,14.7 M,1.100000023841858,326412.03125,4686142.5,214903.0,19,T
1675460944.2974412,222,214904,0,GPS1_Frame,42.30818176269531,-71.1061782836914,14.7 M,1.100000023841858,326412.03125,4686142.5,214904.0,19,T
1675460945.2966998,223,214905,0,GPS1_Frame,42.30818176269531,-71.1061782836914,14.7 M,1.100000023841858,326412.03125,4686142.5,214905.0,19,T
1675460946.2970376,224,214906,0,GPS1_Frame,42.30818176269531,-71.1061782836914,14.7 M,1.100000023841858,326412.03125,4686142.5,214906.0,19,T
1675460947.2971513,225,214907,0,GPS1_Frame,42.30818176269531,-71.1061782836914,14.7 M,1.100000023841858,326412.03125,4686142.5,214907.0,19,T
1675460948.2972283,226,214908,0,GPS1_Frame,42.30818176269531,-71.1061782836914,14.7 M,1.100000023841858,326412.03125,4686142.5,214908.0,19,T
1675460949.2905052,227,214909,0,GPS1_Frame,42.30818176269531,-71.1061782836914,14.7 M,1.100000023841858,326412.03125,4686142.5,214909.0,19,T
1675460950.295505,228,214910,0,GPS1_Frame,42.30818176269531,-71.1061782836914,14.7 M,1.100000023841858,326412.03125,4686142.5,214910.0,19,T
1675460951.295563,229,214911,0,GPS1_Frame,42.30818176269531,-71.1061782836914,14.7 M,1.100000023841858,326412.03125,4686142.5,214911.0,19,T
1675460952.295989,230,214912,0,GPS1_Frame,42.30818176269531,-71.1061782836914,14.7 M,1.100000023841858,326412.03125,4686142.5,214912.0,19,T
1675460953.2961507,231,214913,0,GPS1_Frame,42.30818176269531,-71.1061782836914,14.7 M,1.100000023841858,326412.03125,4686142.5,214913.0,19,T
1675460954.2961607,232,214914,0,GPS1_Frame,42.30818176269531,-71.1061782836914,14.7 M,1.100000023841858,326412.03125,4686142.5,214914.0,19,T
1675460955.2969496,233,214915,0,GPS1_Frame,42.30818176269531,-71.1061782836914,14.7 M,1.100000023841858,326412.03125,4686142.5,214915.0,19,T
1675460956.2890682,234,214916,0,GPS1_Frame,42.30818176269531,-71.1061782836914,14.7 M,1.100000023841858,326412.03125,4686142.5,214916.0,19,T
1675460957.2956696,235,214917,0,GPS1_Frame,42.30818176269531,-71.1061782836914,14.7 M,1.100000023841858,326412.03125,4686142.5,214917.0,19,T
1675460958.2962089,236,214918,0,GPS1_Frame,42.30818176269531,-71.1061782836914,14.7 M,1.100000023841858,326412.03125,4686142.5,214918.0,19,T
1675460959.2966163,237,214919,0,GPS1_Frame,42.30818176269531,-71.1061782836914,14.7 M,1.100000023841858,326412.03125,4686142.5,214919.0,19,T
1675460960.2957628,238,214920,0,GPS1_Frame,42.30818176269531,-71.1061782836914,14.7 M,1.100000023841858,326412.03125,4686142.5,214920.0,19,T
1675460961.295948,239,214921,0,GPS1_Frame,42.30818176269531,-71.1061782836914,14.7 M,1.100000023841858,326412.03125,4686142.5,214921.0,19,T
1675460962.2895174,240,214922,0,GPS1_Frame,42.30818176269531,-71.1061782836914,14.7 M,1.100000023841858,326412.03125,4686142.5,214922.0,19,T
1675460963.289105,241,214923,0,GPS1_Frame,42.30818176269531,-71.1061782836914,14.7 M,1.100000023841858,326412.03125,4686142.5,214923.0,19,T
1675460964.2963555,242,214924,0,GPS1_Frame,42.30818176269531,-71.1061782836914,14.7 M,1.100000023841858,326412.03125,4686142.5,214924.0,19,T
1675460965.2961826,243,214925,0,GPS1_Frame,42.30818176269531,-71.1061782836914,14.7 M,1.100000023841858,326412.03125,4686142.5,214925.0,19,T
1675460966.2951772,244,214926,0,GPS1_Frame,42.30818176269531,-71.1061782836914,14.7 M,1.100000023841858,326412.03125,4686142.5,214926.0,19,T
1675460967.2891536,245,214927,0,GPS1_Frame,42.30818176269531,-71.1061782836914,14.6 M,1.100000023841858,326412.03125,4686142.5,214927.0,19,T
1675460968.2956653,246,214928,0,GPS1_Frame,42.30818176269531,-71.1061782836914,14.6 M,1.100000023841858,326412.03125,4686142.5,214928.0,19,T
1675460969.2956872,247,214929,0,GPS1_Frame,42.30818176269531,-71.1061782836914,14.6 M,1.100000023841858,326412.03125,4686142.5,214929.0,19,T
1675460970.296335,248,214930,0,GPS1_Frame,42.30818176269531,-71.1061782836914,14.6 M,1.100000023841858,326412.03125,4686142.5,214930.0,19,T
1675460971.2957234,249,214931,0,GPS1_Frame,42.30818176269531,-71.1061782836914,14.6 M,1.100000023841858,326412.03125,4686142.5,214931.0,19,T
1675460972.296233,250,214932,0,GPS1_Frame,42.30818176269531,-71.1061782836914,14.6 M,1.100000023841858,326412.03125,4686142.5,214932.0,19,T
1675460973.295941,251,214933,0,GPS1_Frame,42.30818176269531,-71.1061782836914,14.6 M,1.100000023841858,326412.03125,4686142.5,214933.0,19,T
1675460974.2960756,252,214934,0,GPS1_Frame,42.30818176269531,-71.1061782836914,14.6 M,1.100000023841858,326412.03125,4686142.5,214934.0,19,T
1675460975.295646,253,214935,0,GPS1_Frame,42.30818176269531,-71.1061782836914,14.6 M,1.100000023841858,326412.03125,4686142.5,214935.0,19,T
1675460976.2961524,254,214936,0,GPS1_Frame,42.30818176269531,-71.1061782836914,14.6 M,1.100000023841858,326412.03125,4686142.5,214936.0,19,T
1675460977.2966828,255,214937,0,GPS1_Frame,42.30818176269531,-71.1061782836914,14.6 M,1.100000023841858,326412.03125,4686142.5,214937.0,19,T
1675460978.2960653,256,214938,0,GPS1_Frame,42.30818176269531,-71.1061782836914,14.6 M,1.100000023841858,326412.03125,4686142.5,214938.0,19,T
1675460979.2891414,257,214939,0,GPS1_Frame,42.30818176269531,-71.1061782836914,14.6 M,1.100000023841858,326412.03125,4686142.5,214939.0,19,T
1675460980.2894664,258,214940,0,GPS1_Frame,42.30818557739258,-71.1061782836914,14.6 M,1.100000023841858,326412.03125,4686142.5,214940.0,19,T
1675460981.296655,259,214941,0,GPS1_Frame,42.30818557739258,-71.1061782836914,14.6 M,1.100000023841858,326412.03125,4686142.5,214941.0,19,T
1675460982.297906,260,214942,0,GPS1_Frame,42.30818557739258,-71.1061782836914,14.6 M,1.100000023841858,326412.03125,4686142.5,214942.0,19,T
1675460983.2971106,261,214943,0,GPS1_Frame,42.30818557739258,-71.1061782836914,14.6 M,1.100000023841858,326412.03125,4686142.5,214943.0,19,T
1675460984.2962618,262,214944,0,GPS1_Frame,42.30818557739258,-71.1061782836914,14.5 M,1.100000023841858,326412.03125,4686142.5,214944.0,19,T
1675460985.296677,263,214945,0,GPS1_Frame,42.30818557739258,-71.1061782836914,14.5 M,1.100000023841858,326412.03125,4686142.5,214945.0,19,T
1675460986.296344,264,214946,0,GPS1_Frame,42.30818557739258,-71.1061782836914,14.5 M,1.100000023841858,326412.03125,4686142.5,214946.0,19,T
1675460987.2964327,265,214947,0,GPS1_Frame,42.30818557739258,-71.1061782836914,14.5 M,1.100000023841858,326412.03125,4686142.5,214947.0,19,T
1675460988.2966356,266,214948,0,GPS1_Frame,42.30818557739258,-71.1061782836914,14.5 M,1.100000023841858,326412.03125,4686142.5,214948.0,19,T
1675460989.2974496,267,214949,0,GPS1_Frame,42.30818557739258,-71.1061782836914,14.5 M,1.100000023841858,326412.03125,4686142.5,214949.0,19,T
1675460990.2965171,268,214950,0,GPS1_Frame,42.30818557739258,-71.1061782836914,14.5 M,1.100000023841858,326412.03125,4686142.5,214950.0,19,T
1675460991.2963986,269,214951,0,GPS1_Frame,42.30818557739258,-71.1061782836914,14.5 M,1.100000023841858,326412.03125,4686142.5,214951.0,19,T
1675460992.290365,270,214952,0,GPS1_Frame,42.30818557739258,-71.1061782836914,14.5 M,1.100000023841858,326412.03125,4686142.5,214952.0,19,T
1675460993.2971573,271,214953,0,GPS1_Frame,42.30818557739258,-71.1061782836914,14.5 M,1.100000023841858,326412.03125,4686142.5,214953.0,19,T
1675460994.2959158,272,214954,0,GPS1_Frame,42.30818557739258,-71.1061782836914,14.5 M,1.100000023841858,326412.03125,4686142.5,214954.0,19,T
1675460995.296622,273,214955,0,GPS1_Frame,42.30818557739258,-71.1061782836914,14.5 M,1.100000023841858,326412.03125,4686142.5,214955.0,19,T
1675460996.2964854,274,214956,0,GPS1_Frame,42.30818557739258,-71.1061782836914,14.5 M,1.100000023841858,326412.03125,4686142.5,214956.0,19,T
1675460997.2964797,275,214957,0,GPS1_Frame,42.30818557739258,-71.1061782836914,14.5 M,1.100000023841858,326412.03125,4686142.5,214957.0,19,T
1675460998.295903,276,214958,0,GPS1_Frame,42.30818557739258,-71.1061782836914,14.4 M,1.100000023841858,326412.03125,4686142.5,214958.0,19,T
1675460999.2956498,277,214959,0,GPS1_Frame,42.30818557739258,-71.1061782836914,14.4 M,1.100000023841858,326412.03125,4686142.5,214959.0,19,T
1675461000.2960248,278,215000,0,GPS1_Frame,42.30818557739258,-71.1061782836914,14.4 M,1.100000023841858,326412.03125,4686142.5,215000.0,19,T
1675461001.296664,279,215001,0,GPS1_Frame,42.30818557739258,-71.1061782836914,14.4 M,1.100000023841858,326412.03125,4686142.5,215001.0,19,T
1675461002.295924,280,215002,0,GPS1_Frame,42.30818557739258,-71.1061782836914,14.4 M,1.100000023841858,326412.03125,4686142.5,215002.0,19,T
1675461003.2955768,281,215003,0,GPS1_Frame,42.30818557739258,-71.1061782836914,14.4 M,1.100000023841858,326411.90625,4686142.5,215003.0,19,T
1675461004.2956538,282,215004,0,GPS1_Frame,42.30818557739258,-71.1061782836914,14.4 M,1.100000023841858,326411.90625,4686143.0,215004.0,19,T
1675461005.296382,283,215005,0,GPS1_Frame,42.30818557739258,-71.1061782836914,14.4 M,1.100000023841858,326411.90625,4686143.0,215005.0,19,T
1675461006.295964,284,215006,0,GPS1_Frame,42.30818557739258,-71.1061782836914,14.4 M,1.100000023841858,326411.90625,4686143.0,215006.0,19,T
1675461007.2963893,285,215007,0,GPS1_Frame,42.30818557739258,-71.1061782836914,14.4 M,1.100000023841858,326411.90625,4686143.0,215007.0,19,T
1675461008.2960427,286,215008,0,GPS1_Frame,42.30818557739258,-71.1061782836914,14.4 M,1.100000023841858,326411.90625,4686143.0,215008.0,19,T
1675461009.296714,287,215009,0,GPS1_Frame,42.30818557739258,-71.1061782836914,14.4 M,1.100000023841858,326411.90625,4686143.0,215009.0,19,T
1675461010.2959404,288,215010,0,GPS1_Frame,42.30818557739258,-71.1061782836914,14.4 M,1.100000023841858,326411.90625,4686143.0,215010.0,19,T
1675461011.295627,289,215011,0,GPS1_Frame,42.30818557739258,-71.1061782836914,14.3 M,1.100000023841858,326411.90625,4686143.0,215011.0,19,T
1675461012.2973714,290,215012,0,GPS1_Frame,42.30818557739258,-71.1061782836914,14.3 M,1.100000023841858,326411.90625,4686143.0,215012.0,19,T
1675461013.2969658,291,215013,0,GPS1_Frame,42.30818557739258,-71.1061782836914,14.3 M,1.100000023841858,326411.90625,4686143.0,215013.0,19,T
1675461014.2959416,292,215014,0,GPS1_Frame,42.30818557739258,-71.1061782836914,14.3 M,1.100000023841858,326411.90625,4686143.0,215014.0,19,T
1675461015.2968395,293,215015,0,GPS1_Frame,42.30818557739258,-71.1061782836914,14.3 M,1.100000023841858,326411.90625,4686143.0,215015.0,19,T
1675461016.289739,294,215016,0,GPS1_Frame,42.30818557739258,-71.1061782836914,14.3 M,1.100000023841858,326411.90625,4686143.0,215016.0,19,T
1675461017.2948537,295,215017,0,GPS1_Frame,42.30818557739258,-71.1061782836914,14.3 M,1.2999999523162842,326411.90625,4686143.0,215017.0,19,T
1675461018.2931895,296,215018,0,GPS1_Frame,42.30818557739258,-71.1061782836914,14.3 M,1.2999999523162842,326411.90625,4686143.0,215018.0,19,T
1675461019.2948048,297,215019,0,GPS1_Frame,42.30818557739258,-71.1061782836914,14.3 M,1.2999999523162842,326411.90625,4686143.0,215019.0,19,T
1675461020.294618,298,215020,0,GPS1_Frame,42.30818557739258,-71.1061782836914,14.3 M,1.2999999523162842,326411.90625,4686143.0,215020.0,19,T
1675461021.287697,299,215021,0,GPS1_Frame,42.30818557739258,-71.1061782836914,14.3 M,1.2999999523162842,326411.90625,4686143.0,215021.0,19,T
1675461022.2933671,300,215022,0,GPS1_Frame,42.30818557739258,-71.1061782836914,14.3 M,1.2999999523162842,326411.90625,4686143.0,215022.0,19,T
1675461023.2931013,301,215023,0,GPS1_Frame,42.30818557739258,-71.1061782836914,14.3 M,1.2999999523162842,326411.90625,4686143.0,215023.0,19,T
1675461024.2942975,302,215024,0,GPS1_Frame,42.30818557739258,-71.1061782836914,14.3 M,1.2999999523162842,326411.90625,4686143.0,215024.0,19,T
1675461025.2967432,303,215025,0,GPS1_Frame,42.30818557739258,-71.1061782836914,14.3 M,1.100000023841858,326411.90625,4686143.0,215025.0,19,T
1675461026.2961316,304,215026,0,GPS1_Frame,42.30818557739258,-71.1061782836914,14.3 M,1.100000023841858,326411.90625,4686143.0,215026.0,19,T
1675461027.2957559,305,215027,0,GPS1_Frame,42.30818557739258,-71.1061782836914,14.3 M,1.100000023841858,326411.90625,4686143.0,215027.0,19,T
1675461028.2964702,306,215028,0,GPS1_Frame,42.30818557739258,-71.1061782836914,14.3 M,1.100000023841858,326411.90625,4686143.0,215028.0,19,T
1675461029.2969255,307,215029,0,GPS1_Frame,42.30818557739258,-71.1061782836914,14.2 M,1.100000023841858,326411.90625,4686143.0,215029.0,19,T
1675461030.2963374,308,215030,0,GPS1_Frame,42.30818557739258,-71.1061782836914,14.2 M,1.100000023841858,326411.90625,4686143.0,215030.0,19,T
1675461031.2969925,309,215031,0,GPS1_Frame,42.30818557739258,-71.1061782836914,14.2 M,1.100000023841858,326411.90625,4686143.0,215031.0,19,T
1675461032.2967298,310,215032,0,GPS1_Frame,42.30818557739258,-71.1061782836914,14.2 M,1.100000023841858,326411.90625,4686143.0,215032.0,19,T
1675461033.2962186,311,215033,0,GPS1_Frame,42.308189392089844,-71.1061782836914,14.2 M,1.100000023841858,326411.90625,4686143.0,215033.0,19,T
1675461034.2893867,312,215034,0,GPS1_Frame,42.308189392089844,-71.1061782836914,14.2 M,1.100000023841858,326411.90625,4686143.0,215034.0,19,T
1675461035.296008,313,215035,0,GPS1_Frame,42.308189392089844,-71.1061782836914,14.2 M,1.100000023841858,326411.90625,4686143.0,215035.0,19,T
1675461036.296366,314,215036,0,GPS1_Frame,42.308189392089844,-71.1061782836914,14.2 M,1.100000023841858,326411.90625,4686143.0,215036.0,19,T
1675461037.2969372,315,215037,0,GPS1_Frame,42.308189392089844,-71.1061782836914,14.2 M,1.100000023841858,326411.90625,4686143.0,215037.0,19,T
1675461038.2960985,316,215038,0,GPS1_Frame,42.308189392089844,-71.1061782836914,14.2 M,1.100000023841858,326411.90625,4686143.0,215038.0,19,T
1675461039.289177,317,215039,0,GPS1_Frame,42.308189392089844,-71.1061782836914,14.2 M,1.100000023841858,326411.90625,4686143.0,215039.0,19,T
1675461040.2960122,318,215040,0,GPS1_Frame,42.308189392089844,-71.1061782836914,14.2 M,1.100000023841858,326411.90625,4686143.0,215040.0,19,T
1675461041.29596,319,215041,0,GPS1_Frame,42.308189392089844,-71.1061782836914,14.2 M,1.100000023841858,326411.90625,4686143.0,215041.0,19,T
1675461042.2890723,320,215042,0,GPS1_Frame,42.308189392089844,-71.1061782836914,14.2 M,1.100000023841858,326411.90625,4686143.0,215042.0,19,T
1675461043.2953818,321,215043,0,GPS1_Frame,42.308189392089844,-71.1061782836914,14.2 M,1.100000023841858,326411.90625,4686143.0,215043.0,19,T
1675461044.295264,322,215044,0,GPS1_Frame,42.308189392089844,-71.1061782836914,14.2 M,1.100000023841858,326411.90625,4686143.0,215044.0,19,T
1675461045.28924,323,215045,0,GPS1_Frame,42.308189392089844,-71.1061782836914,14.2 M,1.100000023841858,326411.90625,4686143.0,215045.0,19,T
1675461046.295961,324,215046,0,GPS1_Frame,42.308189392089844,-71.1061782836914,14.2 M,1.100000023841858,326411.90625,4686143.0,215046.0,19,T
1675461047.2954662,325,215047,0,GPS1_Frame,42.308189392089844,-71.1061782836914,14.2 M,1.100000023841858,326411.90625,4686143.0,215047.0,19,T
1675461048.2963104,326,215048,0,GPS1_Frame,42.308189392089844,-71.1061782836914,14.2 M,1.100000023841858,326411.90625,4686143.0,215048.0,19,T
1675461049.297152,327,215049,0,GPS1_Frame,42.308189392089844,-71.1061782836914,14.2 M,1.100000023841858,326411.90625,4686143.0,215049.0,19,T
1675461050.29591,328,215050,0,GPS1_Frame,42.308189392089844,-71.1061782836914,14.2 M,1.100000023841858,326411.90625,4686143.0,215050.0,19,T
1675461051.2962875,329,215051,0,GPS1_Frame,42.308189392089844,-71.1061782836914,14.2 M,1.100000023841858,326411.90625,4686143.0,215051.0,19,T
1675461052.2897503,330,215052,0,GPS1_Frame,42.308189392089844,-71.1061782836914,14.2 M,1.100000023841858,326411.90625,4686143.0,215052.0,19,T
1675461053.295989,331,215053,0,GPS1_Frame,42.308189392089844,-71.1061782836914,14.2 M,1.100000023841858,326411.90625,4686143.0,215053.0,19,T
1675461054.2966838,332,215054,0,GPS1_Frame,42.308189392089844,-71.1061782836914,14.2 M,1.100000023841858,326411.90625,4686143.0,215054.0,19,T
1675461055.2966049,333,215055,0,GPS1_Frame,42.308189392089844,-71.1061782836914,14.2 M,1.100000023841858,326411.90625,4686143.0,215055.0,19,T
1675461056.296519,334,215056,0,GPS1_Frame,42.308189392089844,-71.1061782836914,14.2 M,1.100000023841858,326411.90625,4686143.0,215056.0,19,T
1675461057.2969158,335,215057,0,GPS1_Frame,42.308189392089844,-71.1061782836914,14.2 M,1.100000023841858,326411.90625,4686143.0,215057.0,19,T
1675461058.2966788,336,215058,0,GPS1_Frame,42.308189392089844,-71.1061782836914,14.2 M,1.100000023841858,326411.90625,4686143.0,215058.0,19,T
1675461059.2894897,337,215059,0,GPS1_Frame,42.308189392089844,-71.1061782836914,14.2 M,1.100000023841858,326411.90625,4686143.0,215059.0,19,T
1675461060.2976913,338,215100,0,GPS1_Frame,42.308189392089844,-71.1061782836914,14.2 M,1.100000023841858,326411.90625,4686143.0,215100.0,19,T
1675461061.2989357,339,215101,0,GPS1_Frame,42.308189392089844,-71.1061782836914,14.2 M,1.100000023841858,326411.90625,4686143.0,215101.0,19,T
1675461062.2975154,340,215102,0,GPS1_Frame,42.308189392089844,-71.1061782836914,14.2 M,1.100000023841858,326411.90625,4686143.0,215102.0,19,T
1675461063.2909172,341,215103,0,GPS1_Frame,42.308189392089844,-71.1061782836914,14.2 M,1.100000023841858,326411.90625,4686143.0,215103.0,19,T
1675461064.2978868,342,215104,0,GPS1_Frame,42.308189392089844,-71.1061782836914,14.2 M,1.100000023841858,326411.90625,4686143.0,215104.0,19,T
1675461065.2978222,343,215105,0,GPS1_Frame,42.308189392089844,-71.1061782836914,14.2 M,1.100000023841858,326411.90625,4686143.0,215105.0,19,T
1675461066.2975519,344,215106,0,GPS1_Frame,42.308189392089844,-71.1061782836914,14.2 M,1.100000023841858,326411.90625,4686143.0,215106.0,19,T
1675461067.2983851,345,215107,0,GPS1_Frame,42.308189392089844,-71.1061782836914,14.2 M,1.100000023841858,326411.90625,4686143.0,215107.0,19,T
1675461068.2976496,346,215108,0,GPS1_Frame,42.308189392089844,-71.1061782836914,14.2 M,1.100000023841858,326411.90625,4686143.0,215108.0,19,T
1675461069.2911913,347,215109,0,GPS1_Frame,42.308189392089844,-71.1061782836914,14.2 M,1.100000023841858,326411.90625,4686143.0,215109.0,19,T
1675461070.297418,348,215110,0,GPS1_Frame,42.308189392089844,-71.1061782836914,14.2 M,1.100000023841858,326411.90625,4686143.0,215110.0,19,T
1675461071.297409,349,215111,0,GPS1_Frame,42.308189392089844,-71.1061782836914,14.2 M,1.100000023841858,326411.90625,4686143.0,215111.0,19,T
1675461072.2983618,350,215112,0,GPS1_Frame,42.308189392089844,-71.1061782836914,14.2 M,1.100000023841858,326411.90625,4686143.0,215112.0,19,T
1675461073.2980394,351,215113,0,GPS1_Frame,42.308189392089844,-71.1061782836914,14.2 M,1.100000023841858,326411.90625,4686143.0,215113.0,19,T
1675461074.297585,352,215114,0,GPS1_Frame,42.308189392089844,-71.1061782836914,14.2 M,1.100000023841858,326411.90625,4686143.0,215114.0,19,T
1675461075.289763,353,215115,0,GPS1_Frame,42.308189392089844,-71.1061782836914,14.1 M,1.100000023841858,326411.90625,4686143.0,215115.0,19,T
1675461076.297912,354,215116,0,GPS1_Frame,42.308189392089844,-71.1061782836914,14.1 M,1.100000023841858,326411.90625,4686143.0,215116.0,19,T
1675461077.2981672,355,215117,0,GPS1_Frame,42.308189392089844,-71.1061782836914,14.1 M,1.100000023841858,326411.90625,4686143.0,215117.0,19,T
1675461078.2969775,356,215118,0,GPS1_Frame,42.308189392089844,-71.1061782836914,14.1 M,1.100000023841858,326411.90625,4686143.0,215118.0,19,T
1675461079.2978065,357,215119,0,GPS1_Frame,42.308189392089844,-71.1061782836914,14.1 M,1.100000023841858,326411.90625,4686143.0,215119.0,19,T
1675461080.2979212,358,215120,0,GPS1_Frame,42.308189392089844,-71.1061782836914,14.1 M,1.100000023841858,326411.90625,4686143.0,215120.0,19,T
1675461081.2967026,359,215121,0,GPS1_Frame,42.308189392089844,-71.1061782836914,14.1 M,1.100000023841858,326411.90625,4686143.0,215121.0,19,T
1675461082.2963123,360,215122,0,GPS1_Frame,42.308189392089844,-71.1061782836914,14.1 M,1.100000023841858,326411.90625,4686143.0,215122.0,19,T
1675461083.2963092,361,215123,0,GPS1_Frame,42.308189392089844,-71.1061782836914,14.1 M,1.100000023841858,326411.90625,4686143.0,215123.0,19,T
1675461084.2974877,362,215124,0,GPS1_Frame,42.308189392089844,-71.1061782836914,14.1 M,1.100000023841858,326411.90625,4686143.0,215124.0,19,T
1675461085.2978222,363,215125,0,GPS1_Frame,42.308189392089844,-71.1061782836914,14.1 M,1.100000023841858,326411.90625,4686143.0,215125.0,19,T
1675461086.2979975,364,215126,0,GPS1_Frame,42.308189392089844,-71.1061782836914,14.1 M,1.100000023841858,326411.90625,4686143.0,215126.0,19,T
1675461087.2965984,365,215127,0,GPS1_Frame,42.308189392089844,-71.1061782836914,14.1 M,1.100000023841858,326411.90625,4686143.0,215127.0,19,T
1675461088.2895677,366,215128,0,GPS1_Frame,42.308189392089844,-71.1061782836914,14.1 M,1.100000023841858,326411.90625,4686143.0,215128.0,19,T
1675461089.2960503,367,215129,0,GPS1_Frame,42.308189392089844,-71.1061782836914,14.1 M,1.100000023841858,326411.90625,4686143.0,215129.0,19,T
1675461090.2964084,368,215130,0,GPS1_Frame,42.308189392089844,-71.1061782836914,14.1 M,1.100000023841858,326411.90625,4686143.0,215130.0,19,T
1675461091.296409,369,215131,0,GPS1_Frame,42.308189392089844,-71.1061782836914,14.1 M,1.100000023841858,326411.90625,4686143.0,215131.0,19,T
1675461092.296085,370,215132,0,GPS1_Frame,42.308189392089844,-71.1061782836914,14.1 M,1.100000023841858,326411.90625,4686143.0,215132.0,19,T
1675461093.2895017,371,215133,0,GPS1_Frame,42.308189392089844,-71.1061782836914,14.1 M,1.100000023841858,326411.90625,4686143.0,215133.0,19,T
1675461094.2964723,372,215134,0,GPS1_Frame,42.308189392089844,-71.1061782836914,14.1 M,1.100000023841858,326411.90625,4686143.0,215134.0,19,T
1675461095.295462,373,215135,0,GPS1_Frame,42.308189392089844,-71.1061782836914,14.1 M,1.100000023841858,326411.90625,4686143.0,215135.0,19,T
1675461096.297087,374,215136,0,GPS1_Frame,42.308189392089844,-71.1061782836914,14.1 M,1.100000023841858,326411.90625,4686143.0,215136.0,19,T
1675461097.2973607,375,215137,0,GPS1_Frame,42.308189392089844,-71.1061782836914,14.1 M,1.100000023841858,326411.90625,4686143.0,215137.0,19,T
1675461098.296782,376,215138,0,GPS1_Frame,42.308189392089844,-71.1061782836914,14.1 M,1.100000023841858,326411.90625,4686143.0,215138.0,19,T
1675461099.2894611,377,215139,0,GPS1_Frame,42.308189392089844,-71.1061782836914,14.1 M,1.100000023841858,326411.90625,4686143.0,215139.0,19,T
1675461100.2977395,378,215140,0,GPS1_Frame,42.308189392089844,-71.1061782836914,14.1 M,1.100000023841858,326411.90625,4686143.0,215140.0,19,T
1675461101.2976017,379,215141,0,GPS1_Frame,42.308189392089844,-71.1061782836914,14.1 M,1.100000023841858,326411.90625,4686143.0,215141.0,19,T
1675461102.2989268,380,215142,0,GPS1_Frame,42.308189392089844,-71.1061782836914,14.1 M,1.100000023841858,326411.90625,4686143.0,215142.0,19,T
1675461103.2986865,381,215143,0,GPS1_Frame,42.308189392089844,-71.1061782836914,14.1 M,1.100000023841858,326411.90625,4686143.0,215143.0,19,T
1675461104.2984238,382,215144,0,GPS1_Frame,42.308189392089844,-71.1061782836914,14.1 M,1.100000023841858,326411.90625,4686143.0,215144.0,19,T
1675461105.291624,383,215145,0,GPS1_Frame,42.308189392089844,-71.1061782836914,14.1 M,1.100000023841858,326411.90625,4686143.0,215145.0,19,T
1675461106.2980072,384,215146,0,GPS1_Frame,42.308189392089844,-71.1061782836914,14.1 M,1.100000023841858,326411.90625,4686143.0,215146.0,19,T
1675461107.2965007,385,215147,0,GPS1_Frame,42.308189392089844,-71.1061782836914,14.1 M,1.100000023841858,326411.90625,4686143.0,215147.0,19,T
1675461108.2979674,386,215148,0,GPS1_Frame,42.308189392089844,-71.1061782836914,14.1 M,1.100000023841858,326411.90625,4686143.0,215148.0,19,T
1675461109.297505,387,215149,0,GPS1_Frame,42.308189392089844,-71.1061782836914,14.0 M,1.100000023841858,326411.90625,4686143.0,215149.0,19,T
1675461110.29742,388,215150,0,GPS1_Frame,42.308189392089844,-71.1061782836914,14.0 M,1.100000023841858,326411.90625,4686143.0,215150.0,19,T
1675461111.2965055,389,215151,0,GPS1_Frame,42.308189392089844,-71.1061782836914,14.0 M,1.100000023841858,326411.90625,4686143.0,215151.0,19,T
1675461112.2966561,390,215152,0,GPS1_Frame,42.308189392089844,-71.1061782836914,14.0 M,1.100000023841858,326411.90625,4686143.0,215152.0,19,T
1675461113.2968428,391,215153,0,GPS1_Frame,42.308189392089844,-71.1061782836914,14.0 M,1.100000023841858,326411.90625,4686143.0,215153.0,19,T
1675461114.2969234,392,215154,0,GPS1_Frame,42.308189392089844,-71.1061782836914,14.0 M,1.100000023841858,326411.90625,4686143.0,215154.0,19,T
1675461115.2971737,393,215155,0,GPS1_Frame,42.308189392089844,-71.1061782836914,14.0 M,1.100000023841858,326411.90625,4686143.0,215155.0,19,T
1675461116.2966757,394,215156,0,GPS1_Frame,42.308189392089844,-71.1061782836914,14.0 M,1.100000023841858,326411.90625,4686143.0,215156.0,19,T
1675461117.2902277,395,215157,0,GPS1_Frame,42.308189392089844,-71.1061782836914,14.0 M,1.100000023841858,326411.90625,4686143.0,215157.0,19,T
1675461118.29621,396,215158,0,GPS1_Frame,42.308189392089844,-71.1061782836914,14.0 M,1.100000023841858,326411.90625,4686143.0,215158.0,19,T
1675461119.296562,397,215159,0,GPS1_Frame,42.308189392089844,-71.1061782836914,14.0 M,1.100000023841858,326411.90625,4686143.0,215159.0,19,T
1675461120.296884,398,215200,0,GPS1_Frame,42.308189392089844,-71.1061782836914,14.0 M,1.100000023841858,326411.90625,4686143.0,215200.0,19,T
1675461121.2977436,399,215201,0,GPS1_Frame,42.308189392089844,-71.1061782836914,14.0 M,1.100000023841858,326411.90625,4686143.0,215201.0,19,T
1675461122.2968194,400,215202,0,GPS1_Frame,42.308189392089844,-71.1061782836914,14.0 M,1.100000023841858,326411.90625,4686143.0,215202.0,19,T
1675461123.2894976,401,215203,0,GPS1_Frame,42.308189392089844,-71.1061782836914,14.0 M,1.100000023841858,326411.90625,4686143.0,215203.0,19,T
1675461124.2869792,402,215204,0,GPS1_Frame,42.308189392089844,-71.1061782836914,14.0 M,1.100000023841858,326411.90625,4686143.0,215204.0,19,T
1675461125.2933652,403,215205,0,GPS1_Frame,42.308189392089844,-71.1061782836914,14.0 M,1.100000023841858,326411.90625,4686143.0,215205.0,19,T
1675461126.2951684,404,215206,0,GPS1_Frame,42.308189392089844,-71.1061782836914,14.0 M,1.100000023841858,326411.90625,4686143.0,215206.0,19,T
1675461127.2956848,405,215207,0,GPS1_Frame,42.308189392089844,-71.1061782836914,14.0 M,1.100000023841858,326411.90625,4686143.0,215207.0,19,T
1675461128.2954764,406,215208,0,GPS1_Frame,42.308189392089844,-71.1061782836914,14.0 M,1.100000023841858,326411.90625,4686143.0,215208.0,19,T
1675461129.2956386,407,215209,0,GPS1_Frame,42.308189392089844,-71.1061782836914,14.0 M,1.100000023841858,326411.90625,4686143.0,215209.0,19,T
1675461130.295151,408,215210,0,GPS1_Frame,42.308189392089844,-71.1061782836914,14.0 M,1.100000023841858,326411.90625,4686143.0,215210.0,19,T
1675461131.2952454,409,215211,0,GPS1_Frame,42.308189392089844,-71.1061782836914,14.0 M,1.100000023841858,326411.90625,4686143.0,215211.0,19,T
1675461132.2964523,410,215212,0,GPS1_Frame,42.308189392089844,-71.1061782836914,14.0 M,1.100000023841858,326411.90625,4686143.0,215212.0,19,T
1675461133.2966454,411,215213,0,GPS1_Frame,42.308189392089844,-71.1061782836914,14.0 M,1.100000023841858,326411.90625,4686143.0,215213.0,19,T
1675461134.2958736,412,215214,0,GPS1_Frame,42.308189392089844,-71.1061782836914,14.0 M,1.100000023841858,326411.90625,4686143.0,215214.0,19,T
1675461135.295319,413,215215,0,GPS1_Frame,42.308189392089844,-71.1061782836914,14.0 M,1.100000023841858,326411.90625,4686143.0,215215.0,19,T
1675461136.295603,414,215216,0,GPS1_Frame,42.308189392089844,-71.1061782836914,14.0 M,1.100000023841858,326411.90625,4686143.0,215216.0,19,T
1675461137.2893507,415,215217,0,GPS1_Frame,42.308189392089844,-71.1061782836914,14.0 M,1.100000023841858,326411.90625,4686143.0,215217.0,19,T
1675461138.2960176,416,215218,0,GPS1_Frame,42.308189392089844,-71.1061782836914,14.0 M,1.100000023841858,326411.90625,4686143.0,215218.0,19,T
1675461139.2962248,417,215219,0,GPS1_Frame,42.308189392089844,-71.1061782836914,14.0 M,1.100000023841858,326411.90625,4686143.0,215219.0,19,T
1675461140.2956297,418,215220,0,GPS1_Frame,42.308189392089844,-71.1061782836914,14.0 M,1.100000023841858,326411.90625,4686143.0,215220.0,19,T
1675461141.2892206,419,215221,0,GPS1_Frame,42.308189392089844,-71.1061782836914,14.0 M,1.100000023841858,326411.90625,4686143.0,215221.0,19,T
1675461142.296058,420,215222,0,GPS1_Frame,42.308189392089844,-71.1061782836914,14.0 M,1.100000023841858,326411.90625,4686143.0,215222.0,19,T
1675461143.2953463,421,215223,0,GPS1_Frame,42.308189392089844,-71.1061782836914,14.0 M,1.100000023841858,326411.90625,4686143.0,215223.0,19,T
1675461144.296039,422,215224,0,GPS1_Frame,42.308189392089844,-71.1061782836914,14.0 M,1.100000023841858,326411.90625,4686143.0,215224.0,19,T
1675461145.2959676,423,215225,0,GPS1_Frame,42.308189392089844,-71.1061782836914,14.0 M,1.100000023841858,326411.90625,4686143.0,215225.0,19,T
1675461146.2954283,424,215226,0,GPS1_Frame,42.308189392089844,-71.1061782836914,14.0 M,1.100000023841858,326411.90625,4686143.0,215226.0,19,T
1675461147.295792,425,215227,0,GPS1_Frame,42.308189392089844,-71.1061782836914,14.0 M,1.100000023841858,326411.90625,4686143.0,215227.0,19,T
1675461148.2890458,426,215228,0,GPS1_Frame,42.308189392089844,-71.1061782836914,14.0 M,1.100000023841858,326411.90625,4686143.0,215228.0,19,T
1675461149.289236,427,215229,0,GPS1_Frame,42.308189392089844,-71.1061782836914,14.0 M,1.100000023841858,326411.90625,4686143.0,215229.0,19,T
1675461150.2953966,428,215230,0,GPS1_Frame,42.308189392089844,-71.1061782836914,14.0 M,1.100000023841858,326411.90625,4686143.0,215230.0,19,T
1675461151.2960427,429,215231,0,GPS1_Frame,42.308189392089844,-71.1061782836914,14.0 M,1.100000023841858,326411.90625,4686143.0,215231.0,19,T
1675461152.2964792,430,215232,0,GPS1_Frame,42.308189392089844,-71.1061782836914,14.0 M,1.100000023841858,326411.90625,4686143.0,215232.0,19,T
1675461153.296227,431,215233,0,GPS1_Frame,42.308189392089844,-71.1061782836914,14.0 M,1.100000023841858,326411.90625,4686143.0,215233.0,19,T
1675461154.2956965,432,215234,0,GPS1_Frame,42.308189392089844,-71.1061782836914,14.0 M,1.100000023841858,326411.90625,4686143.0,215234.0,19,T
1675461155.2889073,433,215235,0,GPS1_Frame,42.308189392089844,-71.1061782836914,14.0 M,1.100000023841858,326411.90625,4686143.0,215235.0,19,T
1675461156.2964752,434,215236,0,GPS1_Frame,42.308189392089844,-71.1061782836914,14.0 M,1.100000023841858,326411.90625,4686143.0,215236.0,19,T
1675461157.2907183,435,215237,0,GPS1_Frame,42.308189392089844,-71.1061782836914,14.0 M,1.100000023841858,326411.90625,4686143.0,215237.0,19,T
1675461158.2957585,436,215238,0,GPS1_Frame,42.308189392089844,-71.1061782836914,14.0 M,1.100000023841858,326411.90625,4686143.0,215238.0,19,T
1675461159.2964165,437,215239,0,GPS1_Frame,42.308189392089844,-71.1061782836914,14.0 M,1.100000023841858,326411.90625,4686143.0,215239.0,19,T
1675461160.28999,438,215240,0,GPS1_Frame,42.308189392089844,-71.1061782836914,14.0 M,1.100000023841858,326411.90625,4686143.0,215240.0,19,T
1675461161.295133,439,215241,0,GPS1_Frame,42.30819320678711,-71.1061782836914,13.8 M,1.100000023841858,326411.78125,4686143.5,215241.0,19,T
1675461162.2970266,440,215242,0,GPS1_Frame,42.30819320678711,-71.1061782836914,13.6 M,1.100000023841858,326411.78125,4686143.5,215242.0,19,T
1675461163.2969632,441,215243,0,GPS1_Frame,42.30819320678711,-71.1061782836914,13.6 M,1.100000023841858,326411.78125,4686143.5,215243.0,19,T
1675461164.2951105,442,215244,0,GPS1_Frame,42.30819320678711,-71.1061782836914,13.5 M,1.100000023841858,326411.65625,4686143.5,215244.0,19,T
1675461165.2891958,443,215245,0,GPS1_Frame,42.30819320678711,-71.1061782836914,13.5 M,1.100000023841858,326411.65625,4686143.5,215245.0,19,T
1675461166.2950711,444,215246,0,GPS1_Frame,42.30819320678711,-71.1061782836914,13.5 M,1.100000023841858,326411.65625,4686143.5,215246.0,19,T
1675461167.2963152,445,215247,0,GPS1_Frame,42.30819320678711,-71.1061782836914,13.5 M,1.100000023841858,326411.65625,4686143.5,215247.0,19,T
